id,first_name,last_name,email,gender
32-1091897,Antonella,Fleis,afleis0@paypal.com,Genderqueer
60-5073028,Lek,Madge,lmadge1@typepad.com,Genderfluid
26-1680074,Dukey,Nazer,dnazer2@google.de,Agender
42-5462239,Putnem,Diter,pditer3@vk.com,Non-binary
47-9930864,Vivie,Tansley,vtansley4@github.com,Genderqueer
23-5621711,Ravid,Bangle,rbangle5@ihg.com,Agender
55-2344539,Carlin,Mandrier,cmandrier6@dmoz.org,Non-binary
88-8264531,Irwin,Eccleston,ieccleston7@yahoo.com,Genderfluid
99-6984592,Germaine,Kas,gkas8@unicef.org,Female
31-5043491,Bear,Clinnick,bclinnick9@theglobeandmail.com,Bigender
01-3317619,Willamina,Balsom,wbalsoma@sfgate.com,Agender
10-8155883,Blondelle,Deguara,bdeguarab@freewebs.com,Bigender
32-6998371,Von,Weedon,vweedonc@seesaa.net,Agender
76-4783320,Avrom,Brewerton,abrewertond@qq.com,Bigender
47-1371747,Dorolisa,Hegel,dhegele@barnesandnoble.com,Non-binary
60-9096884,Ozzie,Ten Broek,otenbroekf@artisteer.com,Female
47-7159903,Sammy,Molyneaux,smolyneauxg@nhs.uk,Agender
28-3222170,Turner,Pepperell,tpepperellh@state.gov,Polygender
37-4425473,Sibilla,Humphrys,shumphrysi@about.me,Male
30-3152889,Latashia,Cawkill,lcawkillj@google.com,Polygender
86-5760910,Cary,Streetley,cstreetleyk@posterous.com,Genderfluid
25-3435578,Edythe,Bumphries,ebumphriesl@go.com,Bigender
37-4072522,Nikolia,Fidler,nfidlerm@topsy.com,Agender
77-4505097,Neal,Elverston,nelverstonn@prnewswire.com,Genderqueer
43-6347072,Carissa,Burvill,cburvillo@joomla.org,Genderfluid
78-1395488,Ettore,MacBarron,emacbarronp@newyorker.com,Agender
63-9652179,Bibbie,Benesevich,bbenesevichq@1und1.de,Non-binary
10-4106174,Easter,Ducham,educhamr@walmart.com,Non-binary
26-9977545,Den,Daborne,ddabornes@spiegel.de,Non-binary
01-2281976,Stormie,Starmont,sstarmontt@java.com,Agender
82-2102445,Bettina,Greig,bgreigu@umn.edu,Male
61-3165249,Manolo,Couper,mcouperv@pinterest.com,Agender
02-4585147,Bendick,Ethersey,betherseyw@sogou.com,Female
35-4238625,Meggi,Hewkin,mhewkinx@sakura.ne.jp,Female
91-3217632,Viva,Gossop,vgossopy@smugmug.com,Bigender
31-0064725,Blondell,Dagless,bdaglessz@youtu.be,Bigender
40-1142542,Kati,Zimek,kzimek10@typepad.com,Female
30-9258098,Ange,Goslin,agoslin11@github.io,Male
47-6737698,Allyn,D'eye,adeye12@who.int,Polygender
97-4824360,Adele,Drewell,adrewell13@un.org,Female
76-1808586,Dulcia,Batie,dbatie14@army.mil,Genderfluid
55-0075826,Cinnamon,Wein,cwein15@wikimedia.org,Male
22-4459705,Meghann,Beltzner,mbeltzner16@blogspot.com,Non-binary
48-2530083,Cacilie,Bills,cbills17@vistaprint.com,Genderfluid
18-7479815,Esther,Boick,eboick18@nba.com,Agender
30-6449259,Pearline,McTrustey,pmctrustey19@hao123.com,Male
34-5893745,Rory,Le-Good,rlegood1a@meetup.com,Male
93-1154437,Tuckie,Tod,ttod1b@prweb.com,Genderqueer
56-6727697,Skipp,Davidovic,sdavidovic1c@skype.com,Genderfluid
43-1542967,Abrahan,Tabert,atabert1d@weibo.com,Agender
44-7353390,Evania,Bugs,ebugs1e@posterous.com,Male
93-2234909,Olympia,Eldritt,oeldritt1f@mayoclinic.com,Male
67-8513586,Faustina,Miner,fminer1g@delicious.com,Bigender
40-5081936,Miles,Cordner,mcordner1h@a8.net,Non-binary
76-6949254,Lynne,de Nore,ldenore1i@mysql.com,Bigender
76-5193912,Madelaine,Piborn,mpiborn1j@baidu.com,Non-binary
19-0845781,Vaughan,Jacketts,vjacketts1k@businesswire.com,Agender
23-6812150,Addie,Viel,aviel1l@mac.com,Bigender
35-5758629,Theresa,Gellately,tgellately1m@51.la,Polygender
00-0946300,Jodi,Braunds,jbraunds1n@washingtonpost.com,Female
85-8948119,Lemar,Davenhall,ldavenhall1o@bizjournals.com,Agender
68-1759036,Ivie,Romaine,iromaine1p@issuu.com,Agender
41-7332312,Brigida,Greenroad,bgreenroad1q@mlb.com,Agender
25-8698554,Chelsea,Boost,cboost1r@ucoz.com,Agender
84-6286862,Claudian,Sayle,csayle1s@telegraph.co.uk,Non-binary
43-2349414,Miran,Savaage,msavaage1t@dedecms.com,Bigender
07-4157076,Aldous,Hendrix,ahendrix1u@google.co.jp,Male
25-0489876,Sibel,Lines,slines1v@boston.com,Bigender
22-4950092,Fabian,Vest,fvest1w@imgur.com,Female
28-4580361,Windy,Keeping,wkeeping1x@wired.com,Male
73-4992352,Dominica,Oxbrow,doxbrow1y@fema.gov,Agender
94-8535027,Hatti,Jowsey,hjowsey1z@weibo.com,Genderqueer
24-4154196,Don,Repper,drepper20@accuweather.com,Female
27-0939973,Hughie,Marquese,hmarquese21@youtu.be,Genderqueer
61-0220102,Maryrose,Henrionot,mhenrionot22@php.net,Genderfluid
23-0371851,Susann,Labbett,slabbett23@google.com.br,Bigender
09-3251174,Phyllida,Sendall,psendall24@intel.com,Male
83-6329970,Vida,Coutts,vcoutts25@blog.com,Genderqueer
23-0226811,Verine,Ingerfield,vingerfield26@sohu.com,Non-binary
01-5894797,Rodd,Gulberg,rgulberg27@nyu.edu,Genderfluid
02-7060867,Heinrick,Kear,hkear28@bizjournals.com,Polygender
16-0232421,Barron,Mateos,bmateos29@jugem.jp,Non-binary
79-6706806,Kristofor,Caisley,kcaisley2a@last.fm,Bigender
57-5166559,Wilma,Sowersby,wsowersby2b@reference.com,Male
88-1725977,Nathalie,Barford,nbarford2c@creativecommons.org,Genderfluid
87-4315702,Morganica,Strelitzki,mstrelitzki2d@cpanel.net,Genderfluid
35-6491662,Sherrie,Nott,snott2e@dell.com,Female
66-0379499,Aristotle,Meaney,ameaney2f@github.io,Genderqueer
15-3852836,Kerwin,Sivill,ksivill2g@businessinsider.com,Female
64-6900022,Latisha,Wenderott,lwenderott2h@exblog.jp,Male
43-3155031,Frasco,Nevison,fnevison2i@discovery.com,Male
51-8979637,Analiese,Atcock,aatcock2j@sbwire.com,Bigender
47-5404692,Cass,Lambert-Ciorwyn,clambertciorwyn2k@ed.gov,Male
90-9330196,Mirilla,Roddick,mroddick2l@google.cn,Male
92-2434047,Kora,Jacqueminet,kjacqueminet2m@google.fr,Genderfluid
79-4977905,Kaspar,Bendik,kbendik2n@constantcontact.com,Genderqueer
33-7682364,Donny,Chaimson,dchaimson2o@moonfruit.com,Bigender
09-0787339,Ximenes,Lyngsted,xlyngsted2p@si.edu,Agender
13-5649743,Demetris,Bagworth,dbagworth2q@epa.gov,Genderfluid
79-0880787,Cherey,Overil,coveril2r@tuttocitta.it,Agender
69-3377023,Babara,Lipsett,blipsett2s@godaddy.com,Male
12-4991322,Esdras,Hassard,ehassard2t@amazon.com,Male
01-3927930,Shelby,Peiser,speiser2u@domainmarket.com,Non-binary
16-1143243,Eldon,Willford,ewillford2v@weebly.com,Agender
24-8345850,Gray,Kensington,gkensington2w@hao123.com,Male
88-9621110,Nikkie,Claye,nclaye2x@yale.edu,Male
95-5067958,Gusta,Storrier,gstorrier2y@godaddy.com,Agender
28-4803407,Armin,Germain,agermain2z@google.nl,Agender
19-7798801,Jenn,Honack,jhonack30@jimdo.com,Male
13-9789298,Felice,Gilham,fgilham31@smh.com.au,Genderfluid
37-6033578,Kristina,Callear,kcallear32@devhub.com,Male
04-6077010,Terrye,Van De Cappelle,tvandecappelle33@mashable.com,Genderfluid
76-6316901,Carl,Acres,cacres34@blogspot.com,Genderqueer
53-2017481,Norrie,Sissons,nsissons35@gravatar.com,Genderfluid
68-6310449,Penrod,Traite,ptraite36@bigcartel.com,Bigender
37-2918368,Erma,Greste,egreste37@washington.edu,Genderfluid
35-6958182,Vivyanne,Ingraham,vingraham38@google.com,Polygender
47-6188015,Natale,Figger,nfigger39@joomla.org,Female
09-4491766,Aindrea,Prynne,aprynne3a@chron.com,Genderqueer
36-2596650,Norrie,Monckman,nmonckman3b@ed.gov,Non-binary
92-1446571,Nicky,Castagneri,ncastagneri3c@wikipedia.org,Agender
86-0319097,Mead,Billyeald,mbillyeald3d@addthis.com,Bigender
24-5319941,Mallory,Gilberthorpe,mgilberthorpe3e@baidu.com,Polygender
25-2375210,Terrijo,Nanni,tnanni3f@who.int,Genderqueer
73-1700699,Mathias,Reaveley,mreaveley3g@mlb.com,Genderqueer
25-7747400,Jeffry,Ling,jling3h@sphinn.com,Female
63-8811502,Ora,Nisuis,onisuis3i@drupal.org,Genderqueer
00-5666287,Cecelia,Brawn,cbrawn3j@smugmug.com,Female
49-7001921,Beverlie,Tuite,btuite3k@dyndns.org,Polygender
47-5322218,Sofia,McCarrison,smccarrison3l@businesswire.com,Bigender
55-3352065,Wilone,Braune,wbraune3m@yolasite.com,Genderfluid
69-0533430,Alison,Tipperton,atipperton3n@joomla.org,Female
00-3131222,Aluin,Watson,awatson3o@usgs.gov,Female
59-3668237,Helsa,Dubose,hdubose3p@slate.com,Male
27-4905610,Fredelia,Sinnatt,fsinnatt3q@cbc.ca,Genderfluid
13-0651431,Madeleine,Jervis,mjervis3r@tinyurl.com,Polygender
39-5151255,Teddi,Seilmann,tseilmann3s@netlog.com,Genderqueer
52-0835742,Breena,Griffiths,bgriffiths3t@sciencedirect.com,Genderfluid
30-0411526,Darb,Padberry,dpadberry3u@posterous.com,Genderfluid
29-2062715,Atlanta,Dwelly,adwelly3v@acquirethisname.com,Female
36-8841487,Bevvy,Woolner,bwoolner3w@dailymotion.com,Male
36-6801507,Lee,Sweatland,lsweatland3x@pagesperso-orange.fr,Polygender
18-3349764,Immanuel,Alflatt,ialflatt3y@craigslist.org,Genderqueer
98-5254977,Luce,Cawley,lcawley3z@eepurl.com,Female
29-7225368,Henriette,Grimoldby,hgrimoldby40@arizona.edu,Female
76-3184486,Danya,Vink,dvink41@opensource.org,Agender
20-1078345,Emelda,Shapiro,eshapiro42@nasa.gov,Male
98-1745847,Urbanus,Doggrell,udoggrell43@friendfeed.com,Non-binary
31-2095160,Javier,Ruff,jruff44@biblegateway.com,Agender
55-1576394,Aldis,Samson,asamson45@i2i.jp,Genderfluid
94-8697346,Della,Notti,dnotti46@economist.com,Genderqueer
08-7986043,Ermin,Estcot,eestcot47@who.int,Male
01-3288947,Reinhard,Chinnock,rchinnock48@goo.ne.jp,Female
44-0441973,Hamid,Loosely,hloosely49@vkontakte.ru,Agender
53-6514782,Ruperta,Whye,rwhye4a@histats.com,Genderqueer
93-1897513,Humfrey,Lambshine,hlambshine4b@hostgator.com,Genderfluid
14-4382922,Moses,Poxton,mpoxton4c@spiegel.de,Genderqueer
90-4041597,Erminia,Hexum,ehexum4d@japanpost.jp,Genderqueer
08-9559187,Blake,MacGillavery,bmacgillavery4e@tripod.com,Genderfluid
33-0575359,Orin,Goodbar,ogoodbar4f@redcross.org,Non-binary
91-2201071,Amelita,Wallbank,awallbank4g@webs.com,Agender
85-5420055,Sly,Grelak,sgrelak4h@rakuten.co.jp,Genderfluid
59-0305114,Michelina,Carlett,mcarlett4i@noaa.gov,Genderfluid
32-2022984,Emelda,Barreau,ebarreau4j@seattletimes.com,Polygender
36-5979567,Jennine,Scintsbury,jscintsbury4k@yale.edu,Polygender
86-6517145,Berk,Livermore,blivermore4l@cbslocal.com,Male
61-6303633,Zola,Toffetto,ztoffetto4m@mysql.com,Female
61-8442128,Bren,Rein,brein4n@cargocollective.com,Genderfluid
18-5822063,Barclay,Davison,bdavison4o@cargocollective.com,Female
63-3651601,Dionne,Renol,drenol4p@yellowbook.com,Male
76-5518460,Katerine,Burgot,kburgot4q@devhub.com,Agender
51-3429615,Brendis,Ginnety,bginnety4r@shareasale.com,Genderfluid
44-5849357,Griselda,Waples,gwaples4s@pagesperso-orange.fr,Bigender
81-5632726,Camey,Kayzer,ckayzer4t@pen.io,Bigender
52-0430990,Drucill,Ivachyov,divachyov4u@samsung.com,Female
45-4174821,Marianna,Sifflett,msifflett4v@disqus.com,Agender
86-0041207,Polly,Jinkin,pjinkin4w@bluehost.com,Polygender
52-7444572,Andreana,Traut,atraut4x@csmonitor.com,Genderfluid
47-1243181,Doria,Godley,dgodley4y@digg.com,Male
01-5956733,Lina,Tiltman,ltiltman4z@upenn.edu,Agender
46-0776964,Eadie,Deneve,edeneve50@1688.com,Genderqueer
10-7058993,Joanie,Jovis,jjovis51@discovery.com,Genderqueer
38-8598663,Lurline,Halfacre,lhalfacre52@blogtalkradio.com,Genderqueer
00-6722231,Joana,Windous,jwindous53@loc.gov,Female
65-5990884,Haslett,Manuelli,hmanuelli54@goo.ne.jp,Agender
45-0671364,Corella,Carnie,ccarnie55@ebay.com,Female
54-0346803,Ferdie,Speeding,fspeeding56@cafepress.com,Genderqueer
05-1289435,Cissy,Triggs,ctriggs57@zdnet.com,Female
86-7795990,Sari,Zeplin,szeplin58@github.com,Male
03-4278675,Charlene,Seale,cseale59@blog.com,Bigender
85-9671815,Amandi,Boyce,aboyce5a@sourceforge.net,Bigender
13-9964674,Marissa,Vankin,mvankin5b@slideshare.net,Male
85-6172017,Giustino,Morewood,gmorewood5c@twitpic.com,Polygender
45-9771637,Griff,Ladbury,gladbury5d@google.com.hk,Non-binary
95-1496946,Jerrilyn,O'Crowley,jocrowley5e@yale.edu,Polygender
59-4327202,Reena,Rollason,rrollason5f@ca.gov,Non-binary
66-0759832,Nester,Gouldeby,ngouldeby5g@nhs.uk,Female
52-5549240,Maye,Abercrombie,mabercrombie5h@vkontakte.ru,Non-binary
56-9881263,Tallou,Bourgeois,tbourgeois5i@cafepress.com,Male
38-3914884,Briney,Hedderly,bhedderly5j@time.com,Polygender
63-7958356,Scot,Macquire,smacquire5k@bing.com,Genderqueer
64-5611524,Carmine,Benns,cbenns5l@jiathis.com,Male
50-6174324,Vanni,Stachini,vstachini5m@timesonline.co.uk,Non-binary
15-2269333,Lothaire,Sapp,lsapp5n@answers.com,Genderfluid
10-1273025,Derrick,Wimpey,dwimpey5o@ask.com,Genderfluid
16-5237443,Rania,Carayol,rcarayol5p@networkadvertising.org,Genderqueer
50-9247991,Pebrook,Moyce,pmoyce5q@instagram.com,Bigender
12-9252161,Loralee,Charnley,lcharnley5r@gov.uk,Non-binary
15-1873923,Sibylle,O'Rodane,sorodane5s@de.vu,Non-binary
38-6584272,Eleni,Sills,esills5t@wp.com,Female
43-8035533,Paulita,Echalier,pechalier5u@sbwire.com,Genderqueer
20-9805696,Nickie,Dorcey,ndorcey5v@biblegateway.com,Male
99-7104224,Virgie,Plume,vplume5w@studiopress.com,Genderqueer
14-7780530,Morlee,Botwright,mbotwright5x@simplemachines.org,Male
18-8521902,Sergio,Mayman,smayman5y@amazon.co.uk,Bigender
37-9962556,Sherman,Scrivner,sscrivner5z@ucsd.edu,Genderfluid
47-5032845,Isa,Smiley,ismiley60@wix.com,Female
22-3696869,Raf,Fryett,rfryett61@geocities.com,Non-binary
67-6584843,Clayton,Jowling,cjowling62@washingtonpost.com,Female
18-8307746,Susi,Hamp,shamp63@virginia.edu,Genderfluid
67-9325684,Blakeley,Tribbeck,btribbeck64@china.com.cn,Non-binary
76-7108501,Fredra,Starling,fstarling65@wix.com,Non-binary
59-9709353,Winnah,Wastling,wwastling66@sourceforge.net,Bigender
16-6624791,Artemis,Aaronsohn,aaaronsohn67@ezinearticles.com,Genderqueer
33-5499088,Wendye,Rosendall,wrosendall68@myspace.com,Genderqueer
85-1265330,Arlan,Spoward,aspoward69@mapy.cz,Male
76-9464597,Carmelle,Welham,cwelham6a@csmonitor.com,Agender
86-4538067,Leeanne,Murrigan,lmurrigan6b@fc2.com,Agender
40-4651708,Justin,Vanyard,jvanyard6c@ustream.tv,Bigender
93-0951538,Eba,Grishanin,egrishanin6d@blog.com,Genderqueer
89-0940103,Jerome,Mattisson,jmattisson6e@auda.org.au,Genderfluid
10-9351132,Camey,Gilpillan,cgilpillan6f@hatena.ne.jp,Polygender
80-4400034,Delcina,Gunner,dgunner6g@msu.edu,Non-binary
98-1124215,Glen,Tegler,gtegler6h@yellowbook.com,Genderqueer
80-5999842,Minne,Crispin,mcrispin6i@washingtonpost.com,Polygender
16-8202914,Berti,Storrie,bstorrie6j@dropbox.com,Genderqueer
88-2611193,Rodge,Fermoy,rfermoy6k@ning.com,Non-binary
38-3481387,Ofella,Clewley,oclewley6l@cam.ac.uk,Polygender
32-2408084,Jody,Stennard,jstennard6m@deviantart.com,Bigender
71-4021399,Annabelle,Fall,afall6n@exblog.jp,Genderfluid
79-5047481,Felicio,Alflatt,falflatt6o@360.cn,Polygender
12-0165741,Skell,Senton,ssenton6p@usgs.gov,Genderqueer
01-6647839,Collie,Stephen,cstephen6q@twitpic.com,Bigender
91-2619995,Doyle,Olyff,dolyff6r@quantcast.com,Female
20-7267765,Patience,Terron,pterron6s@vimeo.com,Male
51-0333382,Joelle,Scopes,jscopes6t@theglobeandmail.com,Agender
64-7781055,Harv,Biaggioni,hbiaggioni6u@sogou.com,Genderfluid
03-2330005,Lothario,Blatcher,lblatcher6v@clickbank.net,Non-binary
92-5166605,Ruprecht,Sewter,rsewter6w@themeforest.net,Polygender
95-9344842,Ibby,Bailie,ibailie6x@about.com,Male
81-2373318,Silvan,Eberz,seberz6y@army.mil,Polygender
87-8561995,Cynthie,Davidou,cdavidou6z@quantcast.com,Agender
97-7732748,Abbe,Vondruska,avondruska70@ovh.net,Female
93-3979100,Winifred,Baldung,wbaldung71@abc.net.au,Genderqueer
88-8045380,Archibald,McKelloch,amckelloch72@123-reg.co.uk,Polygender
91-9966486,Bronny,Greenly,bgreenly73@vk.com,Genderqueer
29-8570041,Brinna,Hartness,bhartness74@dedecms.com,Bigender
56-8462789,Hendrick,Barefoot,hbarefoot75@google.com.br,Female
37-6795983,Amelie,Broske,abroske76@goo.ne.jp,Bigender
68-0489410,Madonna,Eastby,meastby77@wordpress.com,Bigender
66-7873242,Joane,Dossantos,jdossantos78@newyorker.com,Male
14-2371043,Myriam,Robion,mrobion79@deviantart.com,Agender
07-0436770,Tommie,Denne,tdenne7a@microsoft.com,Non-binary
98-4186080,Amery,Lortz,alortz7b@prnewswire.com,Male
03-8628435,Zebadiah,Pellissier,zpellissier7c@springer.com,Bigender
31-2606047,Malia,Standell,mstandell7d@prnewswire.com,Polygender
58-4237401,Sella,Salsbury,ssalsbury7e@mit.edu,Male
58-6634623,Sallyann,Clue,sclue7f@microsoft.com,Female
63-6093794,Allissa,Arnal,aarnal7g@mediafire.com,Agender
37-0560340,Tandy,Jouandet,tjouandet7h@google.pl,Genderfluid
74-9955086,Bruno,Conant,bconant7i@live.com,Agender
51-2136814,Piper,Eckford,peckford7j@ustream.tv,Female
35-0697746,Geoffrey,Osgodby,gosgodby7k@hc360.com,Male
15-3247681,Luther,Koenen,lkoenen7l@wikia.com,Female
42-7124266,Eduard,McKinstry,emckinstry7m@soup.io,Polygender
39-0115158,Darla,Wittman,dwittman7n@msn.com,Female
15-9793110,Nahum,Balsellie,nbalsellie7o@thetimes.co.uk,Genderfluid
01-5852694,Sharron,Derisley,sderisley7p@ca.gov,Genderfluid
98-5195869,Corinna,Flux,cflux7q@tuttocitta.it,Genderqueer
35-1455000,Tildi,Marshalleck,tmarshalleck7r@kickstarter.com,Bigender
27-3374199,Tana,Brouard,tbrouard7s@zdnet.com,Polygender
95-8767889,Sutherlan,Sponer,ssponer7t@dmoz.org,Agender
84-3029155,Linoel,Yancey,lyancey7u@mediafire.com,Genderqueer
63-6305193,Jobyna,Jess,jjess7v@ifeng.com,Female
08-5606753,Ambrose,Sackur,asackur7w@va.gov,Genderqueer
33-5277083,Carly,Patron,cpatron7x@feedburner.com,Genderqueer
08-3856759,Reinold,Keller,rkeller7y@gnu.org,Genderqueer
44-2921730,Tiertza,Tedorenko,ttedorenko7z@aol.com,Non-binary
79-3136620,Rosalia,Caines,rcaines80@wunderground.com,Genderfluid
82-3985399,Deane,Wilstead,dwilstead81@businessinsider.com,Bigender
31-7148128,Cos,Dumblton,cdumblton82@nsw.gov.au,Female
29-9602143,Ragnar,McIlrath,rmcilrath83@soundcloud.com,Agender
67-5011454,Gabie,Eades,geades84@ucoz.ru,Bigender
44-0343962,Cinda,Denyakin,cdenyakin85@slate.com,Male
67-1709165,Wang,Crawshaw,wcrawshaw86@angelfire.com,Genderqueer
52-8190373,Ruthanne,Leaburn,rleaburn87@aboutads.info,Male
50-2204021,Guillema,Beyn,gbeyn88@ucoz.com,Female
09-9305014,Enrika,Hastilow,ehastilow89@homestead.com,Male
44-9388649,Homerus,Janca,hjanca8a@google.co.jp,Bigender
64-5981102,Paquito,Eschalotte,peschalotte8b@cmu.edu,Male
22-8128933,Bert,Balchin,bbalchin8c@thetimes.co.uk,Bigender
45-8017146,Dulce,Cubbin,dcubbin8d@who.int,Male
29-7101371,Sammie,Ryde,sryde8e@independent.co.uk,Genderfluid
86-6050062,Dolf,Twinborough,dtwinborough8f@miitbeian.gov.cn,Female
46-0747810,Chandal,Steed,csteed8g@apache.org,Bigender
47-4042884,Madelin,Bottleson,mbottleson8h@homestead.com,Male
02-6079690,Stoddard,Wooster,swooster8i@github.io,Polygender
16-2081435,Bink,Hartington,bhartington8j@delicious.com,Polygender
80-8650076,Pierson,Bollands,pbollands8k@tamu.edu,Genderfluid
24-7563998,Darrin,Jelf,djelf8l@lycos.com,Non-binary
09-2576079,Westbrooke,Dwelly,wdwelly8m@netvibes.com,Female
69-4736056,Aggi,Lisle,alisle8n@nature.com,Genderfluid
11-7328674,Marius,Mackley,mmackley8o@scientificamerican.com,Genderqueer
07-7154617,Candis,Stanway,cstanway8p@webeden.co.uk,Non-binary
84-5986199,Terrill,Joanaud,tjoanaud8q@altervista.org,Female
52-1014557,Kyrstin,Abdie,kabdie8r@noaa.gov,Genderfluid
59-1451200,Claiborne,Wain,cwain8s@shareasale.com,Genderqueer
84-7729125,Zsa zsa,Minchell,zminchell8t@about.me,Non-binary
88-3460661,Mychal,Stenett,mstenett8u@nytimes.com,Genderqueer
14-9672894,Reggy,Keeri,rkeeri8v@newyorker.com,Genderfluid
99-5092119,Gracie,Hayne,ghayne8w@free.fr,Male
07-1364302,Trish,Waker,twaker8x@canalblog.com,Genderfluid
84-6191241,Del,Autie,dautie8y@shareasale.com,Female
76-4388956,Ruthe,Hixley,rhixley8z@imdb.com,Female
06-7401632,Ronnie,Robelow,rrobelow90@sciencedirect.com,Bigender
04-2936681,Janessa,Searle,jsearle91@sun.com,Male
57-2228177,Gare,Teague,gteague92@fema.gov,Genderfluid
09-9478919,Abbe,McWhannel,amcwhannel93@house.gov,Genderfluid
20-9727909,Bowie,Parkyn,bparkyn94@whitehouse.gov,Bigender
27-4059712,Halley,Riordan,hriordan95@berkeley.edu,Genderqueer
49-1115439,Karlene,Daniele,kdaniele96@google.es,Polygender
96-5471785,Chiquia,Margach,cmargach97@hp.com,Non-binary
86-3353708,Mariquilla,Casaletto,mcasaletto98@amazon.de,Agender
50-6946342,Suzette,Durston,sdurston99@who.int,Agender
99-6963747,Timmie,Onians,tonians9a@wix.com,Male
92-8548903,Ilise,Ahren,iahren9b@hibu.com,Non-binary
74-2921701,Leo,Nealand,lnealand9c@uol.com.br,Polygender
46-9390191,Irvine,Rishworth,irishworth9d@google.fr,Female
26-8952012,Mattie,Deftie,mdeftie9e@ucla.edu,Non-binary
32-9119320,Marcia,Buzin,mbuzin9f@japanpost.jp,Genderfluid
22-6639404,Angelita,Costerd,acosterd9g@edublogs.org,Polygender
64-5699433,Lissie,English,lenglish9h@reverbnation.com,Polygender
74-4048919,Gerri,Lanfare,glanfare9i@yahoo.co.jp,Male
17-9625574,Josefina,Bartosik,jbartosik9j@jigsy.com,Female
13-0387820,Adelind,Avraam,aavraam9k@a8.net,Genderfluid
14-8968494,Siegfried,Johnsee,sjohnsee9l@miibeian.gov.cn,Agender
84-6178836,Verine,Sommerling,vsommerling9m@cocolog-nifty.com,Agender
50-6444117,Joy,Roxbee,jroxbee9n@ftc.gov,Bigender
06-1458024,Taber,Gillespie,tgillespie9o@yahoo.co.jp,Bigender
65-7520176,Dahlia,Scarisbrick,dscarisbrick9p@livejournal.com,Male
04-4322169,Germayne,Buncombe,gbuncombe9q@cdbaby.com,Polygender
30-9580278,Dino,Tyrone,dtyrone9r@nba.com,Genderqueer
99-0541224,Alanson,Ayliff,aayliff9s@guardian.co.uk,Male
20-3065574,Bengt,Baude,bbaude9t@springer.com,Non-binary
61-0008005,Fanni,Radbone,fradbone9u@wufoo.com,Polygender
09-6401578,Katharyn,McIndrew,kmcindrew9v@devhub.com,Genderqueer
04-9459043,Reinaldo,Littrik,rlittrik9w@salon.com,Genderqueer
97-5731440,Ernie,Binyon,ebinyon9x@php.net,Non-binary
41-5900228,Othilia,Cawkwell,ocawkwell9y@is.gd,Bigender
07-1519916,Calla,Burnyate,cburnyate9z@economist.com,Agender
54-6272803,Alyce,Hiom,ahioma0@plala.or.jp,Genderqueer
05-2136689,Eolande,Phipps,ephippsa1@de.vu,Genderqueer
09-6282631,Patrizius,Crowley,pcrowleya2@google.pl,Bigender
98-5845656,Janela,Holton,jholtona3@baidu.com,Agender
78-5841677,Abagael,Chesterman,achestermana4@booking.com,Agender
78-9928856,Durant,Jenno,djennoa5@google.pl,Female
14-2898721,Nollie,Ambrus,nambrusa6@netvibes.com,Genderfluid
52-9473335,Danice,Elvey,delveya7@blogtalkradio.com,Non-binary
60-6314313,Hans,Fildery,hfilderya8@google.nl,Non-binary
90-9745694,Kienan,Spellsworth,kspellswortha9@t-online.de,Genderfluid
93-2935004,Jammal,Pottiphar,jpottipharaa@hatena.ne.jp,Male
87-1533703,Almire,Trounson,atrounsonab@about.com,Genderfluid
70-4696553,Charlotte,Tooby,ctoobyac@sourceforge.net,Female
17-0476525,Silvio,Buckett,sbuckettad@nyu.edu,Non-binary
72-3995313,Maddie,Esler,meslerae@usa.gov,Genderqueer
71-8571274,Harwilll,Rubinivitz,hrubinivitzaf@tinypic.com,Polygender
27-7991813,Sarita,Ballay,sballayag@jugem.jp,Male
01-7432237,Aloysius,Durham,adurhamah@cornell.edu,Male
26-0658711,Bobine,Kryzhov,bkryzhovai@discovery.com,Male
08-8777020,Georgetta,Wibrew,gwibrewaj@blinklist.com,Non-binary
27-5994775,Melva,Searjeant,msearjeantak@example.com,Polygender
15-2820583,Darice,MacMearty,dmacmeartyal@adobe.com,Female
83-3783421,Ainsley,Chesher,achesheram@auda.org.au,Non-binary
74-5182059,Edna,Brekonridge,ebrekonridgean@theguardian.com,Genderfluid
20-0966857,Stillman,Pringuer,springuerao@amazonaws.com,Male
88-5412750,Erina,Tuffrey,etuffreyap@naver.com,Male
90-2701548,Domeniga,Venner,dvenneraq@bravesites.com,Bigender
93-8292288,Dario,Stoker,dstokerar@live.com,Genderfluid
10-3208615,Nita,Meiner,nmeineras@independent.co.uk,Male
16-2356571,Harp,Dunsleve,hdunsleveat@youtube.com,Female
29-0140280,Giulio,Di Napoli,gdinapoliau@engadget.com,Bigender
84-8124075,Hi,Flintiff,hflintiffav@ibm.com,Male
26-5468127,Bamby,Swannell,bswannellaw@so-net.ne.jp,Bigender
54-4900901,Kristel,Frances,kfrancesax@whitehouse.gov,Male
06-9597947,Edouard,Jenoure,ejenoureay@blinklist.com,Male
53-6982037,Regan,Hotton,rhottonaz@springer.com,Non-binary
10-9687640,Jeanette,Skydall,jskydallb0@edublogs.org,Male
15-1839416,Patsy,Mattis,pmattisb1@unc.edu,Bigender
98-8376850,Carrie,Venditti,cvendittib2@cam.ac.uk,Male
65-7197834,Skippie,Babbidge,sbabbidgeb3@google.nl,Female
81-3685497,Broderic,Thornbarrow,bthornbarrowb4@homestead.com,Agender
05-1669973,Jamison,Meach,jmeachb5@nytimes.com,Polygender
99-8827960,Ced,Radeliffe,cradeliffeb6@macromedia.com,Genderqueer
86-4755328,Reyna,Ivain,rivainb7@paypal.com,Genderfluid
66-9364192,Gerald,Meynell,gmeynellb8@posterous.com,Agender
43-5304360,Bronson,McSperrin,bmcsperrinb9@nbcnews.com,Bigender
24-6528390,Devlin,Minors,dminorsba@marketwatch.com,Non-binary
40-6789253,Paulette,Ellinor,pellinorbb@ebay.com,Bigender
40-2591971,Carroll,Pigney,cpigneybc@ucla.edu,Female
18-8885334,Bengt,Bonin,bboninbd@blinklist.com,Bigender
81-7482479,Krishnah,Manilo,kmanilobe@patch.com,Male
23-7778419,Henrietta,Jarratt,hjarrattbf@discovery.com,Male
47-1078608,Holly,McSporon,hmcsporonbg@amazon.de,Bigender
49-2447163,Robbie,Booeln,rbooelnbh@globo.com,Genderqueer
65-7097487,Bary,Sabattier,bsabattierbi@twitpic.com,Male
18-1295310,Griselda,Rentz,grentzbj@51.la,Agender
86-9108606,Berny,Jurczik,bjurczikbk@mozilla.com,Female
20-8987779,Flossie,Gaiford,fgaifordbl@reverbnation.com,Non-binary
96-2513732,Dwain,Jobin,djobinbm@google.com,Agender
11-4088840,Amata,Dayly,adaylybn@blog.com,Genderqueer
27-6988358,Yulma,Erik,yerikbo@icio.us,Non-binary
25-8610709,Joyan,Jedrych,jjedrychbp@ovh.net,Non-binary
65-2866102,Sharline,Smale,ssmalebq@nps.gov,Genderqueer
56-8880189,Colby,Rey,creybr@scribd.com,Polygender
99-0294904,Fee,Keilty,fkeiltybs@dion.ne.jp,Genderfluid
78-2396196,Goddart,Makeswell,gmakeswellbt@china.com.cn,Agender
43-5700908,Farrand,Bradneck,fbradneckbu@sogou.com,Polygender
69-0929623,Celestine,Drioli,cdriolibv@utexas.edu,Genderfluid
02-5370805,Samuele,Esplin,sesplinbw@geocities.com,Polygender
37-7486925,Kamillah,Denslow,kdenslowbx@bing.com,Female
79-6397014,Barthel,Amys,bamysby@mtv.com,Agender
95-2741740,Eda,Macoun,emacounbz@quantcast.com,Non-binary
40-4557026,Jaquith,Chicchetto,jchicchettoc0@people.com.cn,Bigender
73-8308902,Khalil,Edgler,kedglerc1@marriott.com,Female
21-5338395,Sarina,Llewelly,sllewellyc2@buzzfeed.com,Agender
27-8168583,Zara,Feetham,zfeethamc3@skype.com,Male
72-6533003,Mohandis,Pennicott,mpennicottc4@mayoclinic.com,Bigender
91-0318875,Wendye,Weaben,wweabenc5@purevolume.com,Polygender
10-3200542,Radcliffe,Durno,rdurnoc6@cnet.com,Bigender
77-1776068,Renee,Joice,rjoicec7@hud.gov,Genderfluid
74-1214872,Elwood,Healeas,ehealeasc8@cam.ac.uk,Agender
17-6461582,Umberto,Janisson,ujanissonc9@google.ru,Genderfluid
31-9928533,Karola,Handley,khandleyca@wordpress.org,Agender
99-6375978,Adel,Clarkin,aclarkincb@marriott.com,Polygender
40-9928728,Powell,Letixier,pletixiercc@skype.com,Non-binary
85-2480688,Vida,Shaul,vshaulcd@php.net,Polygender
87-4264909,Sib,Annon,sannonce@biblegateway.com,Genderfluid
59-6366962,Teodoro,Floodgate,tfloodgatecf@discovery.com,Genderqueer
01-3866224,Abramo,Oswell,aoswellcg@about.com,Polygender
07-8799799,Cesar,Jankin,cjankinch@loc.gov,Non-binary
61-5594288,Percy,Cutchie,pcutchieci@nature.com,Bigender
26-4573680,Saul,McCallam,smccallamcj@chron.com,Agender
19-7671288,Raviv,Mellers,rmellersck@wikispaces.com,Female
88-0299570,Vaclav,McAnulty,vmcanultycl@un.org,Female
70-6323631,Jerrine,Natt,jnattcm@umn.edu,Genderqueer
62-6870980,Shaun,Trickett,strickettcn@123-reg.co.uk,Male
41-3605766,Shalne,Sherry,ssherryco@weebly.com,Bigender
27-5597660,Therine,Walby,twalbycp@people.com.cn,Bigender
71-7162078,Annabal,Brader,abradercq@storify.com,Polygender
38-6418270,Yalonda,Emery,yemerycr@yahoo.co.jp,Agender
06-7656784,Devonna,Francke,dfranckecs@uiuc.edu,Genderfluid
31-5313685,Marsh,Bleacher,mbleacherct@mail.ru,Polygender
22-5810886,Hazlett,Mott,hmottcu@epa.gov,Agender
79-8081737,Maritsa,Huchot,mhuchotcv@cam.ac.uk,Polygender
28-2721929,Neron,Budd,nbuddcw@newyorker.com,Agender
73-0097592,Marylee,Burgess,mburgesscx@amazonaws.com,Polygender
82-6959492,Franni,Doulton,fdoultoncy@biblegateway.com,Genderqueer
86-5717662,Addia,Narracott,anarracottcz@vimeo.com,Agender
61-1842925,Edmund,Saynor,esaynord0@networksolutions.com,Agender
59-0583525,Bendicty,Winspar,bwinspard1@skyrock.com,Agender
61-2260195,Cass,Spino,cspinod2@myspace.com,Genderqueer
84-2811017,Tobiah,Bellison,tbellisond3@washingtonpost.com,Polygender
97-6260973,Marcellus,Skule,mskuled4@hao123.com,Female
01-6854028,Maury,McPhilemy,mmcphilemyd5@newyorker.com,Bigender
84-6147217,Dolph,Ghiron,dghirond6@themeforest.net,Genderfluid
30-0264733,Prissie,De Pero,pdeperod7@whitehouse.gov,Polygender
17-5708539,Arty,Twitchett,atwitchettd8@nsw.gov.au,Agender
49-4474461,Charlene,Traise,ctraised9@indiegogo.com,Polygender
96-7665708,Tawsha,Binder,tbinderda@yale.edu,Female
94-3989263,Kerr,Varden,kvardendb@google.co.uk,Female
90-8057100,Pennie,Kewish,pkewishdc@bloglines.com,Agender
60-5059678,Elijah,Zieme,eziemedd@artisteer.com,Agender
83-6234360,Jeannie,Gianilli,jgianillide@trellian.com,Female
78-1454911,Roselin,Northcote,rnorthcotedf@marriott.com,Male
84-1939896,Ginny,Pardey,gpardeydg@patch.com,Agender
00-3280498,Hollis,Vesty,hvestydh@mtv.com,Female
19-9157128,Tish,Spollen,tspollendi@imdb.com,Bigender
56-2476466,Katalin,Nevin,knevindj@homestead.com,Non-binary
30-0821612,Constanta,Mosdall,cmosdalldk@adobe.com,Male
41-6119131,Stanislaus,Blumfield,sblumfielddl@canalblog.com,Non-binary
45-4917507,Jeniffer,Ong,jongdm@csmonitor.com,Agender
06-4621111,Emmi,Sharnock,esharnockdn@walmart.com,Genderfluid
33-1890311,Eva,Scorah,escorahdo@homestead.com,Bigender
96-3375855,Cesar,Bassam,cbassamdp@state.tx.us,Male
29-6485869,Free,Patis,fpatisdq@omniture.com,Agender
33-1251819,Hedvige,Plumbridge,hplumbridgedr@livejournal.com,Genderqueer
62-4243279,Neill,Ward,nwardds@bluehost.com,Male
63-3387943,Ferd,Grindrod,fgrindroddt@fc2.com,Genderqueer
36-4666191,Ivett,Roubay,iroubaydu@rakuten.co.jp,Genderfluid
71-7739425,Manon,McAughtrie,mmcaughtriedv@deviantart.com,Genderqueer
40-4658879,Bartolemo,Messham,bmesshamdw@php.net,Non-binary
00-0121185,Sydelle,Foat,sfoatdx@ow.ly,Male
75-6328026,Sergent,Worlock,sworlockdy@ihg.com,Non-binary
22-2236088,Leonie,Baron,lbarondz@redcross.org,Male
24-4599660,Gustavus,Darrigone,gdarrigonee0@wix.com,Genderqueer
55-1731077,Rhoda,Mauro,rmauroe1@microsoft.com,Non-binary
39-9052829,Ody,Polley,opolleye2@cornell.edu,Bigender
72-6536901,Grete,Gitthouse,ggitthousee3@php.net,Female
97-1343718,Misha,Bousquet,mbousquete4@nih.gov,Genderqueer
10-1058789,Caresse,Ast,caste5@google.co.uk,Non-binary
96-5365161,Mireielle,Donovin,mdonovine6@cbslocal.com,Genderqueer
85-4178948,Jacky,Cowmeadow,jcowmeadowe7@360.cn,Agender
65-9071588,Hugh,Huertas,hhuertase8@cocolog-nifty.com,Agender
25-4973859,Fred,Gatehouse,fgatehousee9@bizjournals.com,Male
89-7958807,Bard,Wand,bwandea@weibo.com,Genderqueer
30-0917736,Tris,Benoy,tbenoyeb@reuters.com,Female
63-5692650,Lindie,Lawley,llawleyec@google.cn,Bigender
98-4014917,Linette,Herrieven,lherrievened@wsj.com,Non-binary
66-7188753,Mendie,Assur,massuree@dot.gov,Female
86-8629475,Novelia,Perutto,nperuttoef@sun.com,Non-binary
33-4726910,Sammie,Dablin,sdablineg@ibm.com,Non-binary
86-2432288,Derril,Cuberley,dcuberleyeh@flickr.com,Non-binary
72-1899574,Heloise,Veldman,hveldmanei@amazon.co.jp,Genderfluid
83-4532098,Haroun,Shoutt,hshouttej@microsoft.com,Non-binary
58-5059788,Monty,Pikhno,mpikhnoek@berkeley.edu,Genderfluid
03-3974204,Chrisy,Gratland,cgratlandel@edublogs.org,Agender
03-2874901,Inesita,Fewkes,ifewkesem@techcrunch.com,Genderfluid
13-9677772,Caryn,Pellman,cpellmanen@jalbum.net,Genderfluid
77-3896048,Baily,Dikle,bdikleeo@blog.com,Genderfluid
36-7540216,Amata,Dunley,adunleyep@oaic.gov.au,Genderfluid
87-7751456,Gardner,Dirkin,gdirkineq@constantcontact.com,Genderfluid
95-6120473,Pepita,Kield,pkielder@163.com,Bigender
07-9613201,Robin,Sproat,rsproates@mozilla.org,Non-binary
88-6194241,Nathanil,Burnyate,nburnyateet@illinois.edu,Polygender
97-2529270,Jessica,Benkhe,jbenkheeu@youtu.be,Agender
51-5259798,Damian,Langtry,dlangtryev@ucoz.ru,Polygender
18-6555434,Burt,Harlin,bharlinew@gmpg.org,Genderfluid
34-7699323,Vannie,Gostridge,vgostridgeex@posterous.com,Bigender
09-9389231,Gottfried,Cornforth,gcornforthey@topsy.com,Bigender
42-7489834,Danny,Mixture,dmixtureez@blogtalkradio.com,Genderqueer
07-3967889,Osbourn,Oakly,ooaklyf0@intel.com,Genderfluid
44-3589293,Charita,Gundry,cgundryf1@over-blog.com,Bigender
05-4770649,Madge,Sitlington,msitlingtonf2@spotify.com,Non-binary
62-4128815,Alma,Maas,amaasf3@studiopress.com,Bigender
65-1112343,Catharina,Geockle,cgeocklef4@bing.com,Agender
36-0319951,Elliott,Whitfield,ewhitfieldf5@ow.ly,Female
91-0931035,Maxim,Shepheard,mshepheardf6@columbia.edu,Male
74-8001064,Pepe,Lemerie,plemerief7@japanpost.jp,Bigender
10-2329241,Ignaz,Pittman,ipittmanf8@php.net,Polygender
94-5721377,Nora,Kemble,nkemblef9@w3.org,Non-binary
39-1552477,Olin,Wackett,owackettfa@springer.com,Male
22-7683929,Brit,Dryburgh,bdryburghfb@soup.io,Non-binary
33-9217418,Oates,Hammor,ohammorfc@mayoclinic.com,Bigender
22-5930826,Odell,Budcock,obudcockfd@comcast.net,Genderqueer
73-2415352,Luther,Lyfe,llyfefe@vinaora.com,Genderfluid
67-8654241,Brear,Heineken,bheinekenff@ask.com,Female
49-6407623,Melanie,Pickavance,mpickavancefg@nbcnews.com,Genderqueer
64-6469483,Arch,De Rye Barrett,aderyebarrettfh@constantcontact.com,Genderfluid
52-5477714,Oneida,Henkmann,ohenkmannfi@digg.com,Genderfluid
33-3617250,Ennis,Dressel,edresselfj@hexun.com,Female
23-7802186,Kaleb,Marzellano,kmarzellanofk@howstuffworks.com,Bigender
13-3448910,Claude,Albrighton,calbrightonfl@wunderground.com,Genderfluid
61-1121135,Susette,Hedworth,shedworthfm@gmpg.org,Agender
86-2815449,Shelagh,Lavelle,slavellefn@harvard.edu,Female
37-6360414,Hew,Goodinge,hgoodingefo@a8.net,Female
21-6608672,Ingrid,Breadmore,ibreadmorefp@nbcnews.com,Female
22-0101932,Paxton,Forsard,pforsardfq@biblegateway.com,Genderfluid
05-9773654,Cecilius,Cuthill,ccuthillfr@moonfruit.com,Male
22-6074353,Paulie,Riseborough,priseboroughfs@qq.com,Agender
02-9826028,Cristy,Provost,cprovostft@seesaa.net,Agender
68-9373742,Annaliese,Poynzer,apoynzerfu@mysql.com,Genderqueer
27-7693939,Gusti,Sleet,gsleetfv@cloudflare.com,Genderqueer
59-3818408,Hedwig,Kamienski,hkamienskifw@washingtonpost.com,Polygender
64-1699628,Darb,Minall,dminallfx@wix.com,Female
32-0778679,Mortie,Heddan,mheddanfy@mtv.com,Female
33-3044881,Maggie,Pietruszka,mpietruszkafz@nydailynews.com,Polygender
55-5944301,Virgilio,Lodford,vlodfordg0@shareasale.com,Polygender
68-7151273,Wang,Germon,wgermong1@msu.edu,Agender
24-6744432,Taddeo,Baroche,tbarocheg2@redcross.org,Female
33-3325780,Mic,Gindghill,mgindghillg3@hugedomains.com,Male
25-6592474,Link,Fantonetti,lfantonettig4@yahoo.com,Polygender
67-8046126,Avrom,Heak,aheakg5@over-blog.com,Non-binary
33-1562869,Carrissa,Tuminini,ctumininig6@google.de,Genderqueer
82-7099438,Bailie,Vasyutin,bvasyuting7@infoseek.co.jp,Bigender
51-9933383,Roma,Silverton,rsilvertong8@pcworld.com,Male
73-2542616,Prentice,Baldocci,pbaldoccig9@nih.gov,Male
28-8621380,Bobbee,Bemand,bbemandga@dmoz.org,Genderfluid
11-5638264,Ninnette,Secrett,nsecrettgb@slashdot.org,Polygender
60-1458053,Billie,Bushaway,bbushawaygc@friendfeed.com,Agender
36-1162475,Mace,Bradie,mbradiegd@economist.com,Genderfluid
94-6213202,Birgit,MacGiolla,bmacgiollage@google.co.jp,Genderqueer
43-0592288,Timotheus,Jurzyk,tjurzykgf@histats.com,Female
81-5364162,Kane,Dare,kdaregg@spotify.com,Male
72-4656336,Roselia,Jeffes,rjeffesgh@cloudflare.com,Non-binary
60-7041476,Rosella,Imloch,rimlochgi@fotki.com,Female
96-6267136,Cristiano,Littell,clittellgj@soup.io,Polygender
70-1236257,Tirrell,McQueen,tmcqueengk@cargocollective.com,Genderfluid
70-4968979,Kissiah,Durber,kdurbergl@blogtalkradio.com,Genderfluid
29-2662516,Charmian,Devey,cdeveygm@jiathis.com,Female
08-1156840,Myrtie,Blancowe,mblancowegn@rediff.com,Genderqueer
00-2283888,Teresita,Hintze,thintzego@cargocollective.com,Polygender
77-8413393,Zacharie,Whittuck,zwhittuckgp@oracle.com,Male
31-0624573,Connie,Lintott,clintottgq@e-recht24.de,Agender
13-0254623,Marylou,Schutte,mschuttegr@nydailynews.com,Bigender
52-6614929,Elyssa,Hiseman,ehisemangs@bigcartel.com,Polygender
00-1433430,Emlyn,Coniam,econiamgt@cargocollective.com,Agender
89-5819891,Chaim,Hassell,chassellgu@mlb.com,Male
52-6661428,Fraser,Zimmerman,fzimmermangv@woothemes.com,Bigender
54-1069221,Kristy,Raoux,kraouxgw@topsy.com,Agender
20-6470168,Andie,Toffanelli,atoffanelligx@indiegogo.com,Male
50-3925223,Martyn,Kynastone,mkynastonegy@pagesperso-orange.fr,Non-binary
50-6720797,Nance,Hargate,nhargategz@netlog.com,Genderfluid
66-6310499,Dorene,Olyet,dolyeth0@miitbeian.gov.cn,Non-binary
79-5670247,Terra,Kilroy,tkilroyh1@noaa.gov,Agender
54-8298589,Milo,Olyfant,molyfanth2@ibm.com,Genderfluid
21-0710870,Krista,Florentine,kflorentineh3@washingtonpost.com,Polygender
65-4904554,Curry,Adriano,cadrianoh4@umn.edu,Genderfluid
27-5714952,Susy,Mawford,smawfordh5@skyrock.com,Polygender
89-2768742,Montgomery,Dampier,mdampierh6@reverbnation.com,Genderqueer
37-3400911,Mortimer,Belin,mbelinh7@eventbrite.com,Non-binary
02-1376146,Teddi,Czadla,tczadlah8@cafepress.com,Genderfluid
01-6031577,Dimitry,Hatliff,dhatliffh9@friendfeed.com,Non-binary
73-6545124,Ermina,Chape,echapeha@rambler.ru,Female
42-0105515,Inigo,Rapinett,irapinetthb@ucsd.edu,Non-binary
13-2940992,Berky,Gamlyn,bgamlynhc@clickbank.net,Genderqueer
77-4182526,Yolande,Klemz,yklemzhd@mlb.com,Bigender
03-5445573,Fifine,Simmen,fsimmenhe@51.la,Non-binary
54-2519283,Ruthe,Smithies,rsmithieshf@deliciousdays.com,Genderfluid
97-3264483,Valida,Fearnill,vfearnillhg@constantcontact.com,Genderfluid
10-4838921,Hamish,Alner,halnerhh@hexun.com,Agender
65-8244795,Hedy,Gilgryst,hgilgrysthi@shareasale.com,Bigender
22-9228268,Keri,Sanney,ksanneyhj@alexa.com,Female
02-4785814,Paula,Westpfel,pwestpfelhk@issuu.com,Genderfluid
15-9556344,Sarajane,Kalkhoven,skalkhovenhl@wikia.com,Genderqueer
24-0673209,Hernando,McCard,hmccardhm@thetimes.co.uk,Non-binary
91-0898674,Lyssa,Judson,ljudsonhn@nymag.com,Male
86-2732614,Waylan,Coomber,wcoomberho@sbwire.com,Polygender
05-6300091,Barret,Isacq,bisacqhp@washingtonpost.com,Bigender
15-3866747,Ingram,Stetson,istetsonhq@independent.co.uk,Genderfluid
69-3229694,Candice,Banfill,cbanfillhr@youtube.com,Genderqueer
71-5640053,Catherine,Anscombe,canscombehs@xrea.com,Genderqueer
69-2198357,Blanche,Dowty,bdowtyht@nyu.edu,Genderqueer
54-8080656,Ciro,Feedham,cfeedhamhu@cafepress.com,Female
83-8614231,Valeria,Brunet,vbrunethv@ucla.edu,Genderqueer
72-9463391,Connor,De Roberto,cderobertohw@alexa.com,Genderfluid
02-6653178,Hamilton,Lockyear,hlockyearhx@nyu.edu,Genderfluid
55-4461198,Hildagard,Newcomb,hnewcombhy@dmoz.org,Agender
44-0663410,Bria,Hubeaux,bhubeauxhz@163.com,Female
16-0073736,Jamey,Feeney,jfeeneyi0@timesonline.co.uk,Polygender
15-5402822,Riane,LeEstut,rleestuti1@buzzfeed.com,Genderfluid
62-4694338,Veronike,Donaghie,vdonaghiei2@goo.gl,Male
12-3297667,Kendricks,Yushachkov,kyushachkovi3@bbb.org,Genderfluid
09-4439009,Athene,Klagge,aklaggei4@hibu.com,Genderqueer
03-3938209,Katlin,Pullan,kpullani5@friendfeed.com,Bigender
01-7638860,Grazia,Kilfeder,gkilfederi6@infoseek.co.jp,Non-binary
87-3762058,Maximilianus,Tams,mtamsi7@de.vu,Non-binary
32-7975997,Boonie,Youthead,byoutheadi8@eepurl.com,Male
51-9946635,Gui,Walsh,gwalshi9@live.com,Genderfluid
35-3548466,Jackson,Pirdy,jpirdyia@umn.edu,Genderfluid
34-8181000,Base,List,blistib@mapquest.com,Agender
13-5017935,Simon,Bardnam,sbardnamic@eepurl.com,Non-binary
27-2419754,Cobb,Renault,crenaultid@de.vu,Genderqueer
34-3832759,Lorry,Farrer,lfarrerie@amazonaws.com,Non-binary
80-1699144,Rufus,Waker,rwakerif@tmall.com,Genderqueer
23-4316036,Erin,Giles,egilesig@amazon.com,Female
12-7750229,Corissa,Clabburn,cclabburnih@histats.com,Female
12-0811916,Maje,Lytle,mlytleii@loc.gov,Genderqueer
45-4595075,Brenn,Rayner,braynerij@flickr.com,Male
17-3155518,Damara,Hucks,dhucksik@go.com,Polygender
59-5983974,Nicole,Stiggers,nstiggersil@google.pl,Female
68-1161276,Josefa,Mayston,jmaystonim@bloomberg.com,Genderfluid
04-6351593,Bobbye,Duffrie,bduffriein@columbia.edu,Male
13-1380612,Minnnie,Tatteshall,mtatteshallio@usatoday.com,Bigender
70-5760753,Jehu,Carnell,jcarnellip@berkeley.edu,Polygender
34-6085441,Charles,Cleobury,ccleoburyiq@xrea.com,Polygender
38-2529797,Marin,Jendrys,mjendrysir@discovery.com,Non-binary
13-9173877,Kerianne,Joubert,kjoubertis@mapquest.com,Male
26-8902075,Petronilla,Abercromby,pabercrombyit@oakley.com,Female
36-6656311,Westley,Muckloe,wmuckloeiu@nps.gov,Male
79-1315893,Fredrick,Zanussii,fzanussiiiv@umich.edu,Polygender
95-7180536,Jana,Burley,jburleyiw@jalbum.net,Genderqueer
68-4479792,Roderick,Dik,rdikix@flickr.com,Genderfluid
29-1187950,Marcellina,Mellanby,mmellanbyiy@house.gov,Male
86-2143126,Hartwell,Covotti,hcovottiiz@youku.com,Non-binary
49-9858393,Gib,Baptiste,gbaptistej0@businesswire.com,Polygender
05-2097372,Jeno,Filippozzi,jfilippozzij1@trellian.com,Non-binary
18-1277641,Shandee,Sadry,ssadryj2@bravesites.com,Polygender
40-9415101,Letty,Stalf,lstalfj3@pcworld.com,Female
90-4249770,Cari,Dwelley,cdwelleyj4@clickbank.net,Non-binary
45-3095655,Ernesta,Simoneau,esimoneauj5@about.me,Non-binary
45-6958146,Zach,Works,zworksj6@sogou.com,Male
28-3867314,Gae,Shales,gshalesj7@wiley.com,Genderqueer
03-7345091,Marita,Ossenna,mossennaj8@tripod.com,Bigender
76-3366221,Veronique,Layson,vlaysonj9@infoseek.co.jp,Agender
73-3243096,Drucy,Cockett,dcockettja@ezinearticles.com,Genderfluid
48-0980604,Berkley,Shyres,bshyresjb@blog.com,Genderqueer
30-4817019,Vannie,Leyre,vleyrejc@washingtonpost.com,Agender
66-0283369,Boone,Beaglehole,bbeagleholejd@cocolog-nifty.com,Non-binary
10-1446902,Matti,Sommerled,msommerledje@umich.edu,Male
44-7083800,Danyette,Sidwick,dsidwickjf@newsvine.com,Genderqueer
57-7214371,Josephine,Surplice,jsurplicejg@barnesandnoble.com,Male
20-1813864,Gerri,Mc Elory,gmceloryjh@blogger.com,Female
96-2601160,Loy,Surgeon,lsurgeonji@51.la,Non-binary
05-3838723,Vivia,Buck,vbuckjj@biglobe.ne.jp,Male
87-8170187,Carolan,Sonley,csonleyjk@usda.gov,Genderfluid
15-6541269,Borg,Kilshall,bkilshalljl@hc360.com,Polygender
85-9402169,Corey,Conerding,cconerdingjm@google.co.uk,Non-binary
19-2281383,Adiana,Jachimczak,ajachimczakjn@tinyurl.com,Agender
20-1212057,Konstance,Glencros,kglencrosjo@ehow.com,Male
36-4538221,Cass,Jennick,cjennickjp@sphinn.com,Bigender
97-1130248,Ab,Arangy,aarangyjq@washingtonpost.com,Non-binary
72-3749256,Bearnard,Ormesher,bormesherjr@globo.com,Bigender
03-2433634,Luciana,Espinoy,lespinoyjs@spiegel.de,Female
36-0063830,Zelda,Brettoner,zbrettonerjt@gravatar.com,Non-binary
53-4711632,Gifford,Naismith,gnaismithju@princeton.edu,Agender
43-6320963,Claudelle,Chmarny,cchmarnyjv@thetimes.co.uk,Male
39-4626743,Bonnie,Henker,bhenkerjw@timesonline.co.uk,Female
88-1195491,Artie,Aird,aairdjx@bigcartel.com,Bigender
80-6474693,Lanni,Monini,lmoninijy@jalbum.net,Bigender
76-1179158,Esta,Di Frisco,edifriscojz@soup.io,Male
67-3470720,Karly,Flowitt,kflowittk0@zimbio.com,Agender
27-4711877,Ariella,Caherny,acahernyk1@chicagotribune.com,Genderqueer
18-3087615,Enrico,Streeten,estreetenk2@nba.com,Non-binary
04-4670389,Marney,Morgue,mmorguek3@unesco.org,Genderqueer
36-9486579,Falkner,Taaffe,ftaaffek4@is.gd,Genderfluid
28-2546010,Karleen,Nel,knelk5@imgur.com,Genderfluid
91-9237242,Yank,Kilfeder,ykilfederk6@simplemachines.org,Female
96-4353385,Ninnette,Skellion,nskellionk7@auda.org.au,Male
84-4379672,Hillel,Jupp,hjuppk8@home.pl,Polygender
20-4471153,Marilyn,Westhofer,mwesthoferk9@goo.gl,Polygender
47-5429480,Berni,Bariball,bbariballka@pcworld.com,Genderfluid
14-3483437,Quinn,More,qmorekb@arstechnica.com,Female
51-4935819,Stefa,Moogan,smoogankc@instagram.com,Bigender
37-2777889,Falkner,Shellsheere,fshellsheerekd@fema.gov,Bigender
75-7693704,Burton,Bemand,bbemandke@thetimes.co.uk,Bigender
54-3496373,Hill,Morsey,hmorseykf@gravatar.com,Non-binary
90-3604482,Ulric,Grahlmans,ugrahlmanskg@weather.com,Genderqueer
25-1506892,Mimi,Fendlow,mfendlowkh@statcounter.com,Non-binary
89-9917496,Silvan,Francecione,sfrancecioneki@sfgate.com,Male
61-0323287,Carl,Fforde,cffordekj@mozilla.com,Polygender
13-2542402,Rozelle,Miranda,rmirandakk@shop-pro.jp,Male
73-5744079,Joelie,Shearstone,jshearstonekl@pinterest.com,Agender
90-4565977,Beryle,Vargas,bvargaskm@youtu.be,Genderqueer
54-9402964,Dolly,Barthorpe,dbarthorpekn@gizmodo.com,Genderqueer
87-5182017,Cord,Backshaw,cbackshawko@home.pl,Male
65-5852577,Kahaleel,Milhench,kmilhenchkp@theatlantic.com,Genderqueer
23-9046885,Dell,Scrivin,dscrivinkq@umn.edu,Genderfluid
53-6907700,Dionne,Matula,dmatulakr@simplemachines.org,Polygender
87-9505764,Kellie,Cymper,kcymperks@shinystat.com,Polygender
88-6752694,Carlota,Scrammage,cscrammagekt@apache.org,Genderqueer
84-4616700,Terri-jo,Cristofanini,tcristofaniniku@eventbrite.com,Non-binary
32-7392043,Kessiah,Forst,kforstkv@sakura.ne.jp,Genderqueer
16-0308741,Roxane,Collaton,rcollatonkw@unblog.fr,Agender
24-8702101,Franni,Pabelik,fpabelikkx@sciencedaily.com,Genderqueer
61-1692600,Edythe,Morden,emordenky@ted.com,Non-binary
80-7313039,Milt,Eyckel,meyckelkz@comsenz.com,Bigender
62-3532068,Bailey,Fitt,bfittl0@instagram.com,Genderqueer
30-0653947,Yuri,Mapplethorpe,ymapplethorpel1@hatena.ne.jp,Bigender
86-7343060,Reagan,Maybey,rmaybeyl2@forbes.com,Genderqueer
99-8865747,Marmaduke,Drains,mdrainsl3@addtoany.com,Genderfluid
31-3900093,Zarah,Prinne,zprinnel4@kickstarter.com,Polygender
33-6093114,Maurizia,Curphey,mcurpheyl5@examiner.com,Genderfluid
83-8850202,Elroy,Ferronet,eferronetl6@gizmodo.com,Bigender
73-4831759,Leisha,Duetschens,lduetschensl7@github.io,Genderfluid
81-2104906,Koralle,Mallinder,kmallinderl8@altervista.org,Genderfluid
98-6826031,Klarrisa,Millbank,kmillbankl9@berkeley.edu,Female
90-5106506,Cary,Lebbern,clebbernla@imdb.com,Genderqueer
74-7659007,Rafa,Hanscombe,rhanscombelb@weebly.com,Male
24-0403780,Kari,Grahamslaw,kgrahamslawlc@bizjournals.com,Male
96-2395238,Jordain,Davidov,jdavidovld@oracle.com,Non-binary
90-6967629,Patricia,Yarwood,pyarwoodle@forbes.com,Genderqueer
63-8807752,Charla,Giaomozzo,cgiaomozzolf@simplemachines.org,Agender
86-8672589,Gib,Geerdts,ggeerdtslg@bloomberg.com,Genderfluid
81-8301760,Jae,Ellis,jellislh@is.gd,Bigender
73-6857340,Clemens,Pashan,cpashanli@oakley.com,Genderqueer
80-8684014,Rorke,Ecclestone,recclestonelj@washingtonpost.com,Bigender
04-1288500,Murvyn,Sweetman,msweetmanlk@state.gov,Genderqueer
49-4250996,Chad,Vasyunichev,cvasyunichevll@businesswire.com,Female
63-5331775,Gwyn,Bertome,gbertomelm@yale.edu,Female
23-3089821,Toiboid,Haysar,thaysarln@topsy.com,Male
76-9953498,Ike,Daubeny,idaubenylo@amazon.co.uk,Female
08-8342806,Deana,Garlett,dgarlettlp@odnoklassniki.ru,Agender
62-0075991,Modesta,Isac,misaclq@omniture.com,Genderqueer
77-4870498,Birk,Attride,battridelr@shop-pro.jp,Bigender
14-2544825,Grace,Poulsen,gpoulsenls@bizjournals.com,Bigender
35-3283828,Simonette,McGinney,smcginneylt@t-online.de,Genderqueer
66-1398926,Ephrayim,Goodwyn,egoodwynlu@people.com.cn,Polygender
23-1681504,Cary,Tranmer,ctranmerlv@bbb.org,Bigender
01-0924717,Pamela,Spadari,pspadarilw@gmpg.org,Polygender
50-5776157,Kimberlyn,Hevey,kheveylx@sitemeter.com,Male
66-8953336,Griz,Ludlow,gludlowly@yahoo.co.jp,Genderqueer
88-1755169,Tory,McSparran,tmcsparranlz@nps.gov,Agender
52-3203060,Booth,Palk,bpalkm0@digg.com,Polygender
84-8100501,Alister,Brizland,abrizlandm1@bloglines.com,Female
98-4416920,Lothaire,Masser,lmasserm2@biblegateway.com,Male
23-7013250,Agnella,Agiolfinger,aagiolfingerm3@netvibes.com,Genderfluid
02-3032050,Aloisia,Sidden,asiddenm4@dion.ne.jp,Agender
38-2676603,Nestor,McBeth,nmcbethm5@globo.com,Genderqueer
70-6969463,Roldan,Wistance,rwistancem6@salon.com,Bigender
97-5096509,Lexis,Dovidaitis,ldovidaitism7@cisco.com,Bigender
73-3668325,Kiley,Shirrell,kshirrellm8@unc.edu,Genderqueer
28-4719092,Anallese,St Quenin,astqueninm9@gizmodo.com,Female
15-4816101,Lanae,Ciccone,lcicconema@fda.gov,Polygender
81-9069139,Mari,Orbine,morbinemb@boston.com,Genderqueer
02-9555960,Terza,Starling,tstarlingmc@addtoany.com,Agender
20-2165377,Berget,Jones,bjonesmd@ocn.ne.jp,Agender
41-4939458,Anica,Walsom,awalsomme@upenn.edu,Non-binary
27-1883316,Normy,Kitteridge,nkitteridgemf@opensource.org,Bigender
44-0218784,Morissa,Drage,mdragemg@yandex.ru,Genderfluid
92-8110780,Roxine,Tolomei,rtolomeimh@vistaprint.com,Agender
95-8657686,Yancy,Briddock,ybriddockmi@hao123.com,Agender
08-0102552,Benedicto,Dufaur,bdufaurmj@sun.com,Genderqueer
95-7905564,Cherin,Treske,ctreskemk@answers.com,Male
48-0134446,Ingemar,Kenford,ikenfordml@usda.gov,Male
51-5043863,Shelley,Foltin,sfoltinmm@usnews.com,Male
69-7442544,Elysee,Corstan,ecorstanmn@com.com,Non-binary
11-4123956,Avery,Guichard,aguichardmo@reference.com,Bigender
39-2307539,Byrann,Asp,baspmp@newsvine.com,Male
49-3709663,Erskine,Hiddsley,ehiddsleymq@goo.gl,Polygender
36-3144183,Corrie,Joselson,cjoselsonmr@jigsy.com,Bigender
68-6321214,Alex,Sparkwell,asparkwellms@deviantart.com,Polygender
86-8721699,Ellis,Bohje,ebohjemt@geocities.com,Bigender
90-5627881,Moselle,Mickleborough,mmickleboroughmu@wsj.com,Male
51-8680433,Cathee,Leuchars,cleucharsmv@mysql.com,Genderqueer
56-4066110,Genevieve,Mullarkey,gmullarkeymw@infoseek.co.jp,Non-binary
99-3401367,Gaylord,Knipe,gknipemx@cornell.edu,Non-binary
03-7411398,Daryl,Poskitt,dposkittmy@cafepress.com,Polygender
24-8474259,Tarrah,Dellit,tdellitmz@cbc.ca,Bigender
06-8961381,Deni,Yann,dyannn0@amazon.co.jp,Male
89-1605633,Ainslee,Egginson,aegginsonn1@thetimes.co.uk,Male
45-2578415,Collin,Jakoub,cjakoubn2@princeton.edu,Genderfluid
54-7531013,Wilden,Wade,wwaden3@ca.gov,Agender
61-4311998,Vick,Harrow,vharrown4@dell.com,Genderqueer
21-2645882,Rosene,Burman,rburmann5@xrea.com,Genderfluid
91-0865710,Mickie,Klimes,mklimesn6@unicef.org,Non-binary
07-0167220,Giana,Fiske,gfisken7@imgur.com,Agender
56-2052236,Vladamir,Baptista,vbaptistan8@github.io,Female
47-1206479,Mariam,MacTurlough,mmacturloughn9@dailymotion.com,Polygender
90-0383654,Dorrie,Paraman,dparamanna@free.fr,Genderfluid
57-3192190,Lars,Dummigan,ldummigannb@tiny.cc,Bigender
00-0190181,Jasper,Winchester,jwinchesternc@cmu.edu,Genderqueer
46-5521567,Aland,Gladyer,agladyernd@plala.or.jp,Genderfluid
06-5961878,Felike,Lambshine,flambshinene@com.com,Female
54-5750030,Sammie,Crews,screwsnf@zimbio.com,Non-binary
43-9117945,Stirling,Wadham,swadhamng@bing.com,Genderfluid
65-3036356,Dionysus,Frensch,dfrenschnh@google.com,Agender
81-0342602,Bentlee,Scurr,bscurrni@zdnet.com,Polygender
44-0879863,Dael,Brookbank,dbrookbanknj@oaic.gov.au,Genderqueer
52-0772189,Yoko,Ludovici,yludovicink@ovh.net,Genderfluid
62-4789948,Anne-corinne,Lilliman,alillimannl@amazon.co.uk,Male
62-9637960,Guthrey,Kleinberer,gkleinberernm@vinaora.com,Agender
15-9760478,Yancey,Beggi,ybegginn@netvibes.com,Genderfluid
77-7127598,Rowen,Walas,rwalasno@is.gd,Polygender
79-6459662,Sharleen,Hansill,shansillnp@123-reg.co.uk,Non-binary
13-4977442,Pippa,Parke,pparkenq@stanford.edu,Agender
59-5062860,Mikaela,Berecloth,mbereclothnr@stanford.edu,Male
05-7932225,Gretna,Ecles,geclesns@smh.com.au,Bigender
34-0407812,Dennie,Briscow,dbriscownt@marketwatch.com,Non-binary
15-4960674,Viola,Francescozzi,vfrancescozzinu@so-net.ne.jp,Non-binary
14-6095861,Cyrill,O'Fallowne,cofallownenv@amazon.co.uk,Genderqueer
17-6509915,Terrie,MacCaffrey,tmaccaffreynw@tripadvisor.com,Genderfluid
15-4907814,Sophia,Niece,sniecenx@intel.com,Polygender
26-8152959,Anastasia,Morefield,amorefieldny@xing.com,Agender
90-3464526,Sol,Pikesley,spikesleynz@t.co,Genderfluid
13-5887016,Wini,Dunhill,wdunhillo0@rediff.com,Agender
81-3994493,Rhianna,Sprulls,rsprullso1@merriam-webster.com,Genderfluid
72-9440733,Fannie,Meneyer,fmeneyero2@nationalgeographic.com,Male
13-3113673,Corabelle,Lissemore,clissemoreo3@jugem.jp,Male
55-4350102,Teodora,Berrill,tberrillo4@harvard.edu,Polygender
71-4262628,Tresa,Coryndon,tcoryndono5@nydailynews.com,Polygender
27-6013992,Mady,Yoxall,myoxallo6@slate.com,Genderfluid
22-4346163,Fitzgerald,Allender,fallendero7@flavors.me,Genderqueer
37-6465822,Margaretta,Runnalls,mrunnallso8@amazon.co.uk,Polygender
89-2200601,Trista,Trewett,ttrewetto9@ebay.co.uk,Polygender
61-4762785,Christyna,Krabbe,ckrabbeoa@hc360.com,Agender
23-7080042,Thea,Maunders,tmaundersob@storify.com,Genderqueer
30-7709354,Fonsie,Toulamain,ftoulamainoc@army.mil,Genderfluid
84-0382772,Barney,Foad,bfoadod@webeden.co.uk,Bigender
72-7039819,Cecily,Wylie,cwylieoe@nasa.gov,Non-binary
06-4127427,Levey,Joinsey,ljoinseyof@google.ru,Agender
74-1076754,Brent,Witt,bwittog@ox.ac.uk,Non-binary
72-3139593,Jessee,Bavester,jbavesteroh@gizmodo.com,Female
51-0863132,Chuck,Cristofori,ccristoforioi@twitter.com,Genderqueer
41-0948237,Rebekah,Peyzer,rpeyzeroj@printfriendly.com,Male
96-2668701,Deloria,Sommerlie,dsommerlieok@netvibes.com,Male
01-8843181,Devin,Chaster,dchasterol@cloudflare.com,Polygender
85-6803576,Golda,Leven,glevenom@kickstarter.com,Agender
72-2705896,Amelita,Allport,aallporton@yellowpages.com,Non-binary
03-3582283,Eydie,De Bernardis,edebernardisoo@statcounter.com,Female
83-5173963,Duffy,Biddell,dbiddellop@ftc.gov,Male
36-9550764,Artus,Nibley,anibleyoq@bloomberg.com,Bigender
30-6033115,Barbra,O'Sherin,bosherinor@cdc.gov,Polygender
62-9057250,Claiborn,Jahn,cjahnos@ed.gov,Genderqueer
86-8574936,Vance,Meffin,vmeffinot@is.gd,Agender
46-7133277,Carson,Maseres,cmaseresou@blogspot.com,Female
38-9445843,Joye,Lamcken,jlamckenov@elpais.com,Bigender
04-9123986,Masha,Cremin,mcreminow@discovery.com,Female
59-4429832,Mortimer,Meriguet,mmeriguetox@addtoany.com,Female
07-7200546,Hana,Jelleman,hjellemanoy@xrea.com,Agender
47-7807472,Bartie,Woollhead,bwoollheadoz@1und1.de,Male
69-1661769,Madeleine,Minguet,mminguetp0@cnet.com,Non-binary
79-3438237,Misti,Bailles,mbaillesp1@xing.com,Genderfluid
73-5997077,Faunie,Slaney,fslaneyp2@reuters.com,Female
59-1780073,Fina,Shrubshall,fshrubshallp3@chronoengine.com,Bigender
08-1541268,Alisun,Ughelli,aughellip4@japanpost.jp,Bigender
30-1853207,Dasha,Penhaleurack,dpenhaleurackp5@microsoft.com,Female
13-7972853,Adella,Lingard,alingardp6@google.com.au,Genderqueer
22-5760511,Andrej,Zeal,azealp7@xrea.com,Male
53-2441330,Caleb,Norquoy,cnorquoyp8@weibo.com,Male
15-5176997,Connie,Willder,cwillderp9@dmoz.org,Genderfluid
55-1263038,Hercules,Runnalls,hrunnallspa@who.int,Bigender
40-5446018,Catina,Whiffin,cwhiffinpb@timesonline.co.uk,Non-binary
66-8310681,Carlynne,Jeffcock,cjeffcockpc@deviantart.com,Bigender
83-7634923,Vittoria,Danielkiewicz,vdanielkiewiczpd@sphinn.com,Agender
67-1746972,Rafaello,Shark,rsharkpe@artisteer.com,Bigender
30-3964256,Tobin,Mantle,tmantlepf@howstuffworks.com,Bigender
39-2068153,Sidney,Meecher,smeecherpg@taobao.com,Genderfluid
44-3636833,Beverie,De Ambrosis,bdeambrosisph@google.co.jp,Genderfluid
11-0350686,Vaclav,Hamel,vhamelpi@dedecms.com,Genderqueer
93-9541913,Kile,Franzen,kfranzenpj@jugem.jp,Genderfluid
48-4613619,Meris,Hasker,mhaskerpk@hubpages.com,Male
35-1208443,Barbe,Crickmer,bcrickmerpl@guardian.co.uk,Male
79-7878617,Ferdinande,Stock,fstockpm@webs.com,Genderfluid
00-5227582,Ruthie,Peeke,rpeekepn@cnbc.com,Genderfluid
38-3130100,Paddie,Phinnessy,pphinnessypo@furl.net,Female
85-9281979,Carlos,Moulsdale,cmoulsdalepp@ft.com,Bigender
43-0998006,Everard,O'Luby,eolubypq@fastcompany.com,Genderqueer
83-5697961,Jocelin,MacCahee,jmaccaheepr@blogtalkradio.com,Polygender
12-7595165,Feliza,Dawdry,fdawdryps@mapy.cz,Agender
88-8477415,Cristobal,Lampaert,clampaertpt@networkadvertising.org,Genderfluid
61-5986315,Virgie,Fessions,vfessionspu@microsoft.com,Bigender
56-5053076,Chico,Aloshechkin,caloshechkinpv@buzzfeed.com,Female
21-3829638,Van,Dawidowsky,vdawidowskypw@weebly.com,Polygender
19-6601500,Douglas,Kennady,dkennadypx@nba.com,Female
22-6809974,Steffane,Ellen,sellenpy@techcrunch.com,Female
38-2828475,Chere,Slader,csladerpz@biblegateway.com,Female
69-7498913,Colin,Coggan,ccogganq0@irs.gov,Bigender
95-6795277,Francesco,Osbidston,fosbidstonq1@canalblog.com,Bigender
64-0569660,Pamelina,Todarini,ptodariniq2@biglobe.ne.jp,Female
12-1801466,Justinian,Yewdall,jyewdallq3@lulu.com,Genderqueer
17-2777730,Rayner,Tubridy,rtubridyq4@tinyurl.com,Genderfluid
25-6426223,Alwin,Growden,agrowdenq5@reddit.com,Non-binary
76-0667479,Basia,Brehat,bbrehatq6@indiatimes.com,Non-binary
00-7407456,Paten,Doberer,pdobererq7@surveymonkey.com,Non-binary
33-1778529,Lewiss,Cumbers,lcumbersq8@issuu.com,Genderfluid
04-7333430,Lauren,Shortall,lshortallq9@newsvine.com,Genderfluid
49-7657003,Jean,Rable,jrableqa@google.pl,Genderfluid
39-2740918,Hershel,Boolsen,hboolsenqb@artisteer.com,Female
57-6088022,Ofelia,Ast,oastqc@kickstarter.com,Polygender
40-2147880,Bridie,Rivett,brivettqd@examiner.com,Male
28-3489343,Elinor,Keys,ekeysqe@tmall.com,Bigender
52-6588518,Gertrud,McTaggart,gmctaggartqf@xrea.com,Male
84-3265846,Lin,Soldner,lsoldnerqg@imgur.com,Polygender
02-4593038,Gilberte,Caselick,gcaselickqh@php.net,Bigender
71-3812964,Jason,MacAlaster,jmacalasterqi@technorati.com,Female
90-3648575,Gran,A'Barrow,gabarrowqj@ifeng.com,Bigender
81-4983046,Victoir,Thirwell,vthirwellqk@disqus.com,Agender
52-5256250,Isacco,Ashtonhurst,iashtonhurstql@google.com.br,Genderqueer
21-5815929,Vernice,Davisson,vdavissonqm@netscape.com,Bigender
63-8873360,Bernette,Danson,bdansonqn@about.me,Bigender
94-9732853,Hamlen,Coysh,hcoyshqo@walmart.com,Non-binary
19-9859675,Adamo,Sterry,asterryqp@goo.ne.jp,Polygender
25-3457688,Read,Bediss,rbedissqq@bandcamp.com,Female
12-7249069,Antonietta,Crown,acrownqr@globo.com,Genderfluid
78-6976655,Drusie,Esley,desleyqs@cnbc.com,Genderqueer
72-6662956,Sibylla,Curwen,scurwenqt@wsj.com,Agender
09-8285070,Catarina,Whitely,cwhitelyqu@reference.com,Genderqueer
62-0357381,Delmer,Maffei,dmaffeiqv@pen.io,Female
72-7528384,Lammond,Lere,llereqw@mysql.com,Genderqueer
10-9935878,Avictor,Battaille,abattailleqx@studiopress.com,Polygender
18-0315686,Keelia,Anney,kanneyqy@last.fm,Genderfluid
28-2017218,Jillane,Whitter,jwhitterqz@ucoz.ru,Polygender
37-7795713,Edna,Heisman,eheismanr0@hibu.com,Non-binary
50-2274971,Verne,Ambrois,vambroisr1@tmall.com,Polygender
06-3439196,Loise,Larder,llarderr2@tinyurl.com,Genderfluid
25-7802408,Deloria,Grassett,dgrassettr3@walmart.com,Bigender
60-1955968,Flory,Torrent,ftorrentr4@buzzfeed.com,Agender
21-2889203,Tammy,Mathiot,tmathiotr5@cafepress.com,Genderqueer
75-4258729,Gray,Arsmith,garsmithr6@sun.com,Agender
63-9379773,Jasun,Ledeker,jledekerr7@behance.net,Genderfluid
59-8525388,Wes,Cardus,wcardusr8@earthlink.net,Non-binary
37-1506615,Thoma,Oxenford,toxenfordr9@yellowpages.com,Agender
80-8012335,Marina,Beadman,mbeadmanra@cbc.ca,Agender
06-7646158,Halsey,Mursell,hmursellrb@multiply.com,Non-binary
61-9367006,Sidoney,Waby,swabyrc@house.gov,Agender
12-6143092,Alfy,Schuck,aschuckrd@cbc.ca,Non-binary
85-8048724,Clareta,Santer,csanterre@posterous.com,Polygender
91-4011717,Moss,Langan,mlanganrf@auda.org.au,Genderqueer
99-5003985,Malorie,Meriton,mmeritonrg@mail.ru,Polygender
59-7763736,Giralda,Winyard,gwinyardrh@cpanel.net,Bigender
73-4778231,Jonie,Playfair,jplayfairri@soundcloud.com,Non-binary
76-5319637,Normie,Lackey,nlackeyrj@google.cn,Genderfluid
01-1651480,Cristal,Coltart,ccoltartrk@tinypic.com,Polygender
09-3443618,Brandyn,McCrohon,bmccrohonrl@usa.gov,Female
46-3572345,Noe,Creboe,ncreboerm@blinklist.com,Polygender
36-5495058,Jonathan,Sowte,jsowtern@yelp.com,Non-binary
06-7573760,Quintana,Antuk,qantukro@baidu.com,Female
67-7176075,Lilia,Woolstenholmes,lwoolstenholmesrp@guardian.co.uk,Non-binary
51-6462006,Reuven,Fildery,rfilderyrq@house.gov,Agender
00-5467194,Edan,Allon,eallonrr@sourceforge.net,Non-binary
